{
  "notes": [
    {
      "pitch": 67,
      "startTime": 0.0,
      "endTime": 1.0,
      "velocity": 0.7086614173228346
    },
    {
      "pitch": 69,
      "startTime": 1.0,
      "endTime": 2.0,
      "velocity": 0.7086614173228346
    },
    {
      "pitch": 74,
      "startTime": 2.0,
      "endTime": 3.5,
      "velocity": 0.7086614173228346
    }
  ],
  "totalTime": 3.5,
  "tempos": [],
  "timeSignatures": []
}