{
  "notes": [
    {
      "pitch": 78,
      "startTime": 8.444443000000001,
      "endTime": 9.555554,
      "velocity": 0.3543307086614173
    },
    {
      "pitch": 81,
      "startTime": 9.555554,
      "endTime": 10.666665000000002,
      "velocity": 0.3543307086614173
    },
    {
      "pitch": 79,
      "startTime": 10.666665000000002,
      "endTime": 11.777776000000003,
      "velocity": 0.3543307086614173
    }
  ],
  "totalTime": 11.777776000000003,
  "tempos": [
    {
      "time": 0.0,
      "qpm": 120.0
    }
  ],
  "timeSignatures": [
    {
      "time": 0.0,
      "numerator": 3,
      "denominator": 4
    }
  ]
}