{
  "notes": [
    {
      "pitch": 78,
      "startTime": 8.444443000000001,
      "endTime": 9.555554,
      "velocity": 45.0
    },
    {
      "pitch": 81,
      "startTime": 9.555554,
      "endTime": 10.666665000000002,
      "velocity": 45.0
    },
    {
      "pitch": 79,
      "startTime": 10.666665000000002,
      "endTime": 11.777776000000003,
      "velocity": 45.0
    }
  ],
  "totalTime": 11.5,
  "tempos": [],
  "timeSignatures": []
}