{
  "notes": [
    {
      "pitch": 64,
      "startTime": 1.499994000000008,
      "endTime": 11.499993000000003,
      "velocity": 0.3543307086614173
    },
    {
      "pitch": 69,
      "startTime": 11.499993000000003,
      "endTime": 12.611104000000012,
      "velocity": 0.49606299212598426
    }
  ],
  "totalTime": 12.611104000000012,
  "tempos": [
    {
      "time": 0.0,
      "qpm": 120.0
    }
  ],
  "timeSignatures": [
    {
      "time": 0.0,
      "numerator": 3,
      "denominator": 4
    }
  ]
}