{
  "notes": [
    {
      "pitch": 43,
      "startTime": 0.0,
      "endTime": 3.333333,
      "velocity": 45.0
    },
    {
      "pitch": 59,
      "startTime": 1.1111110000000002,
      "endTime": 3.333333,
      "velocity": 45.0
    },
    {
      "pitch": 62,
      "startTime": 1.1111110000000002,
      "endTime": 3.333333,
      "velocity": 45.0
    },
    {
      "pitch": 66,
      "startTime": 1.1111110000000002,
      "endTime": 3.333333,
      "velocity": 45.0
    }
  ],
  "totalTime": 2.5,
  "tempos": [],
  "timeSignatures": []
}