{
  "notes": [
    {
      "pitch": 78,
      "startTime": 2.666661000000005,
      "endTime": 5.999994000000008,
      "velocity": 63.0
    }
  ],
  "totalTime": 4.0,
  "tempos": [],
  "timeSignatures": []
}