{
  "notes": [
    {
      "pitch": 40,
      "startTime": 1.499994000000008,
      "endTime": 4.833327000000004,
      "velocity": 45.0
    },
    {
      "pitch": 55,
      "startTime": 2.611105000000002,
      "endTime": 4.833327000000004,
      "velocity": 45.0
    },
    {
      "pitch": 59,
      "startTime": 2.611105000000002,
      "endTime": 4.833327000000004,
      "velocity": 45.0
    },
    {
      "pitch": 40,
      "startTime": 4.833327000000004,
      "endTime": 8.166660000000007,
      "velocity": 45.0
    }
  ],
  "totalTime": 5.5,
  "tempos": [],
  "timeSignatures": []
}