{
  "notes": [
    {
      "pitch": 43,
      "startTime": 0.999996000000003,
      "endTime": 4.333329000000006,
      "velocity": 45.0
    },
    {
      "pitch": 59,
      "startTime": 2.111107000000004,
      "endTime": 4.333329000000006,
      "velocity": 45.0
    },
    {
      "pitch": 62,
      "startTime": 2.111107000000004,
      "endTime": 4.333329000000006,
      "velocity": 45.0
    },
    {
      "pitch": 66,
      "startTime": 2.111107000000004,
      "endTime": 4.333329000000006,
      "velocity": 45.0
    }
  ],
  "totalTime": 2.5,
  "tempos": [],
  "timeSignatures": []
}