{
  "notes": [
    {
      "pitch": 74,
      "startTime": 0.16665900000000988,
      "endTime": 1.2777700000000038,
      "velocity": 0.49606299212598426
    },
    {
      "pitch": 72,
      "startTime": 1.2777700000000038,
      "endTime": 2.388881000000012,
      "velocity": 0.49606299212598426
    },
    {
      "pitch": 71,
      "startTime": 2.388881000000012,
      "endTime": 3.499992000000006,
      "velocity": 0.49606299212598426
    },
    {
      "pitch": 74,
      "startTime": 3.499992000000006,
      "endTime": 9.055547000000004,
      "velocity": 0.6377952755905512
    }
  ],
  "totalTime": 9.055547000000004,
  "tempos": [
    {
      "time": 0.0,
      "qpm": 120.0
    }
  ],
  "timeSignatures": [
    {
      "time": 0.0,
      "numerator": 3,
      "denominator": 4
    }
  ]
}