{
  "notes": [
    {
      "pitch": 78,
      "startTime": 2.111107000000004,
      "endTime": 3.222218000000005,
      "velocity": 45.0
    }
  ],
  "totalTime": 2.5,
  "tempos": [],
  "timeSignatures": []
}