{
  "notes": [
    {
      "pitch": 38,
      "startTime": 1.3333290000000062,
      "endTime": 4.666662000000002,
      "velocity": 45.0
    },
    {
      "pitch": 57,
      "startTime": 2.44444,
      "endTime": 4.666662000000002,
      "velocity": 45.0
    },
    {
      "pitch": 61,
      "startTime": 2.44444,
      "endTime": 4.666662000000002,
      "velocity": 45.0
    },
    {
      "pitch": 66,
      "startTime": 2.44444,
      "endTime": 4.666662000000002,
      "velocity": 45.0
    }
  ],
  "totalTime": 2.5,
  "tempos": [],
  "timeSignatures": []
}