{
  "notes": [
    {
      "pitch": 74,
      "startTime": 0.16665900000000988,
      "endTime": 1.2777700000000038,
      "velocity": 63.0
    },
    {
      "pitch": 72,
      "startTime": 1.2777700000000038,
      "endTime": 2.388881000000012,
      "velocity": 63.0
    },
    {
      "pitch": 71,
      "startTime": 2.388881000000012,
      "endTime": 3.499992000000006,
      "velocity": 63.0
    },
    {
      "pitch": 74,
      "startTime": 3.499992000000006,
      "endTime": 9.055547000000004,
      "velocity": 81.0
    }
  ],
  "totalTime": 7.0,
  "tempos": [],
  "timeSignatures": []
}