{
  "notes": [
    {
      "pitch": 74,
      "startTime": 3.0555470000000042,
      "endTime": 4.166658000000012,
      "velocity": 0.49606299212598426
    },
    {
      "pitch": 76,
      "startTime": 4.166658000000012,
      "endTime": 5.277769000000006,
      "velocity": 0.49606299212598426
    },
    {
      "pitch": 77,
      "startTime": 5.277769000000006,
      "endTime": 6.38888,
      "velocity": 0.49606299212598426
    },
    {
      "pitch": 79,
      "startTime": 6.38888,
      "endTime": 7.4999910000000085,
      "velocity": 0.49606299212598426
    }
  ],
  "totalTime": 7.4999910000000085,
  "tempos": [
    {
      "time": 0.0,
      "qpm": 120.0
    }
  ],
  "timeSignatures": [
    {
      "time": 0.0,
      "numerator": 3,
      "denominator": 4
    }
  ]
}