{
  "notes": [
    {
      "pitch": 81,
      "startTime": 0.22221800000000513,
      "endTime": 1.3333290000000062,
      "velocity": 45.0
    },
    {
      "pitch": 79,
      "startTime": 1.3333290000000062,
      "endTime": 2.44444,
      "velocity": 45.0
    },
    {
      "pitch": 78,
      "startTime": 2.44444,
      "endTime": 3.5555510000000012,
      "velocity": 45.0
    }
  ],
  "totalTime": 2.5,
  "tempos": [],
  "timeSignatures": []
}