{
  "notes": [
    {
      "pitch": 43,
      "startTime": 1.6666620000000023,
      "endTime": 4.9999950000000055,
      "velocity": 45.0
    }
  ],
  "totalTime": 2.5,
  "tempos": [],
  "timeSignatures": []
}