{
  "notes": [
    {
      "pitch": 74,
      "startTime": 1.5555470000000042,
      "endTime": 2.6666580000000124,
      "velocity": 0.49606299212598426
    },
    {
      "pitch": 76,
      "startTime": 2.6666580000000124,
      "endTime": 3.7777690000000064,
      "velocity": 0.49606299212598426
    },
    {
      "pitch": 77,
      "startTime": 3.7777690000000064,
      "endTime": 4.88888,
      "velocity": 0.49606299212598426
    },
    {
      "pitch": 79,
      "startTime": 4.88888,
      "endTime": 5.9999910000000085,
      "velocity": 0.49606299212598426
    }
  ],
  "totalTime": 5.9999910000000085,
  "tempos": [
    {
      "time": 0.0,
      "qpm": 120.0
    }
  ],
  "timeSignatures": [
    {
      "time": 0.0,
      "numerator": 3,
      "denominator": 4
    }
  ]
}