{
  "notes": [
    {
      "pitch": 72,
      "startTime": 1.1111020000000025,
      "endTime": 2.2222130000000107,
      "velocity": 63.0
    },
    {
      "pitch": 74,
      "startTime": 2.2222130000000107,
      "endTime": 3.3333240000000046,
      "velocity": 63.0
    },
    {
      "pitch": 76,
      "startTime": 3.3333240000000046,
      "endTime": 4.444435000000013,
      "velocity": 81.0
    },
    {
      "pitch": 74,
      "startTime": 4.444435000000013,
      "endTime": 5.555546000000007,
      "velocity": 81.0
    }
  ],
  "totalTime": 5.5,
  "tempos": [],
  "timeSignatures": []
}