{
  "notes": [
    {
      "pitch": 38,
      "startTime": 1.9999950000000055,
      "endTime": 5.333328000000002,
      "velocity": 63.0
    }
  ],
  "totalTime": 2.5,
  "tempos": [],
  "timeSignatures": []
}