{
  "notes": [
    {
      "pitch": 73,
      "startTime": 2.3333280000000016,
      "endTime": 5.666661000000005,
      "velocity": 63.0
    }
  ],
  "totalTime": 2.5,
  "tempos": [],
  "timeSignatures": []
}