{
  "notes": [
    {
      "pitch": 74,
      "startTime": 0.6666570000000149,
      "endTime": 6.222212000000013,
      "velocity": 81.0
    }
  ],
  "totalTime": 5.5,
  "tempos": [],
  "timeSignatures": []
}