{
  "notes": [
    {
      "pitch": 40,
      "startTime": 1.3333230000000071,
      "endTime": 4.666656000000003,
      "velocity": 0.49606299212598426
    },
    {
      "pitch": 59,
      "startTime": 2.4444340000000153,
      "endTime": 4.666656000000003,
      "velocity": 0.49606299212598426
    },
    {
      "pitch": 64,
      "startTime": 2.4444340000000153,
      "endTime": 4.666656000000003,
      "velocity": 0.49606299212598426
    },
    {
      "pitch": 67,
      "startTime": 2.4444340000000153,
      "endTime": 4.666656000000003,
      "velocity": 0.49606299212598426
    }
  ],
  "totalTime": 4.666656000000003,
  "tempos": [
    {
      "time": 0.0,
      "qpm": 120.0
    }
  ],
  "timeSignatures": [
    {
      "time": 0.0,
      "numerator": 3,
      "denominator": 4
    }
  ]
}