{
  "notes": [
    {
      "pitch": 57,
      "startTime": 0.4444390000000027,
      "endTime": 2.666661000000005,
      "velocity": 63.0
    },
    {
      "pitch": 61,
      "startTime": 0.4444390000000027,
      "endTime": 2.666661000000005,
      "velocity": 63.0
    },
    {
      "pitch": 66,
      "startTime": 0.4444390000000027,
      "endTime": 2.666661000000005,
      "velocity": 63.0
    }
  ],
  "totalTime": 2.5,
  "tempos": [],
  "timeSignatures": []
}