{
  "notes": [
    {
      "pitch": 74,
      "startTime": 0.22221200000001318,
      "endTime": 1.3333230000000071,
      "velocity": 0.49606299212598426
    },
    {
      "pitch": 79,
      "startTime": 1.3333230000000071,
      "endTime": 4.666656000000003,
      "velocity": 0.49606299212598426
    },
    {
      "pitch": 78,
      "startTime": 4.666656000000003,
      "endTime": 7.999989000000014,
      "velocity": 0.49606299212598426
    }
  ],
  "totalTime": 7.999989000000014,
  "tempos": [
    {
      "time": 0.0,
      "qpm": 120.0
    }
  ],
  "timeSignatures": [
    {
      "time": 0.0,
      "numerator": 3,
      "denominator": 4
    }
  ]
}