{
  "notes": [
    {
      "pitch": 38,
      "startTime": 0.3333330000000001,
      "endTime": 3.666666,
      "velocity": 45.0
    },
    {
      "pitch": 57,
      "startTime": 1.4444440000000007,
      "endTime": 3.666666,
      "velocity": 45.0
    },
    {
      "pitch": 61,
      "startTime": 1.4444440000000007,
      "endTime": 3.666666,
      "velocity": 45.0
    },
    {
      "pitch": 66,
      "startTime": 1.4444440000000007,
      "endTime": 3.666666,
      "velocity": 45.0
    }
  ],
  "totalTime": 2.5,
  "tempos": [],
  "timeSignatures": []
}