{
  "notes": [
    {
      "pitch": 55,
      "startTime": 1.111105000000002,
      "endTime": 3.333327000000004,
      "velocity": 45.0
    },
    {
      "pitch": 59,
      "startTime": 1.111105000000002,
      "endTime": 3.333327000000004,
      "velocity": 45.0
    }
  ],
  "totalTime": 2.5,
  "tempos": [],
  "timeSignatures": []
}