{
  "notes": [
    {
      "pitch": 38,
      "startTime": 0.6666600000000074,
      "endTime": 3.9999930000000035,
      "velocity": 45.0
    },
    {
      "pitch": 53,
      "startTime": 1.7777710000000013,
      "endTime": 3.9999930000000035,
      "velocity": 45.0
    },
    {
      "pitch": 57,
      "startTime": 1.7777710000000013,
      "endTime": 3.9999930000000035,
      "velocity": 45.0
    },
    {
      "pitch": 62,
      "startTime": 1.7777710000000013,
      "endTime": 3.9999930000000035,
      "velocity": 45.0
    }
  ],
  "totalTime": 2.5,
  "tempos": [],
  "timeSignatures": []
}