{
  "notes": [
    {
      "pitch": 72,
      "startTime": 0.2222150000000056,
      "endTime": 1.3333259999999996,
      "velocity": 63.0
    },
    {
      "pitch": 76,
      "startTime": 1.3333259999999996,
      "endTime": 2.4444370000000077,
      "velocity": 63.0
    },
    {
      "pitch": 74,
      "startTime": 2.4444370000000077,
      "endTime": 3.5555480000000017,
      "velocity": 63.0
    }
  ],
  "totalTime": 2.5,
  "tempos": [],
  "timeSignatures": []
}