{
  "notes": [
    {
      "pitch": 38,
      "startTime": 1.6666590000000099,
      "endTime": 4.999992000000006,
      "velocity": 63.0
    }
  ],
  "totalTime": 2.5,
  "tempos": [],
  "timeSignatures": []
}