{
  "notes": [
    {
      "pitch": 71,
      "startTime": 0.5555480000000017,
      "endTime": 1.6666590000000099,
      "velocity": 63.0
    },
    {
      "pitch": 74,
      "startTime": 1.6666590000000099,
      "endTime": 2.777770000000004,
      "velocity": 63.0
    }
  ],
  "totalTime": 2.5,
  "tempos": [],
  "timeSignatures": []
}