{
  "notes": [
    {
      "pitch": 71,
      "startTime": 0.888881000000012,
      "endTime": 1.999992000000006,
      "velocity": 63.0
    },
    {
      "pitch": 74,
      "startTime": 1.999992000000006,
      "endTime": 7.555547000000004,
      "velocity": 81.0
    }
  ],
  "totalTime": 2.5,
  "tempos": [],
  "timeSignatures": []
}