{
  "notes": [
    {
      "pitch": 38,
      "startTime": 1.999992000000006,
      "endTime": 5.333325000000002,
      "velocity": 81.0
    }
  ],
  "totalTime": 2.5,
  "tempos": [],
  "timeSignatures": []
}