{
  "notes": [
    {
      "pitch": 48,
      "startTime": 0.44443600000001027,
      "endTime": 2.6666580000000124,
      "velocity": 81.0
    },
    {
      "pitch": 54,
      "startTime": 0.44443600000001027,
      "endTime": 2.6666580000000124,
      "velocity": 81.0
    },
    {
      "pitch": 57,
      "startTime": 0.44443600000001027,
      "endTime": 2.6666580000000124,
      "velocity": 81.0
    },
    {
      "pitch": 62,
      "startTime": 0.44443600000001027,
      "endTime": 2.6666580000000124,
      "velocity": 81.0
    }
  ],
  "totalTime": 2.5,
  "tempos": [],
  "timeSignatures": []
}