{
  "notes": [
    {
      "pitch": 74,
      "startTime": 1.5555470000000042,
      "endTime": 2.6666580000000124,
      "velocity": 63.0
    }
  ],
  "totalTime": 2.5,
  "tempos": [],
  "timeSignatures": []
}