{
  "notes": [
    {
      "pitch": 43,
      "startTime": 0.6666660000000002,
      "endTime": 3.9999990000000007,
      "velocity": 45.0
    },
    {
      "pitch": 59,
      "startTime": 1.7777770000000004,
      "endTime": 3.9999990000000007,
      "velocity": 45.0
    },
    {
      "pitch": 62,
      "startTime": 1.7777770000000004,
      "endTime": 3.9999990000000007,
      "velocity": 45.0
    },
    {
      "pitch": 66,
      "startTime": 1.7777770000000004,
      "endTime": 3.9999990000000007,
      "velocity": 45.0
    }
  ],
  "totalTime": 2.5,
  "tempos": [],
  "timeSignatures": []
}