{
  "notes": [
    {
      "pitch": 57,
      "startTime": 0.7777690000000064,
      "endTime": 2.9999910000000085,
      "velocity": 63.0
    },
    {
      "pitch": 60,
      "startTime": 0.7777690000000064,
      "endTime": 2.9999910000000085,
      "velocity": 63.0
    },
    {
      "pitch": 65,
      "startTime": 0.7777690000000064,
      "endTime": 2.9999910000000085,
      "velocity": 63.0
    }
  ],
  "totalTime": 2.5,
  "tempos": [],
  "timeSignatures": []
}