{
  "notes": [
    {
      "pitch": 76,
      "startTime": 0.3333240000000046,
      "endTime": 1.4444350000000128,
      "velocity": 81.0
    },
    {
      "pitch": 74,
      "startTime": 1.4444350000000128,
      "endTime": 2.5555460000000068,
      "velocity": 81.0
    }
  ],
  "totalTime": 2.5,
  "tempos": [],
  "timeSignatures": []
}