{
  "notes": [
    {
      "pitch": 40,
      "startTime": 1.3333230000000071,
      "endTime": 4.666656000000003,
      "velocity": 63.0
    },
    {
      "pitch": 59,
      "startTime": 2.4444340000000153,
      "endTime": 4.666656000000003,
      "velocity": 63.0
    },
    {
      "pitch": 64,
      "startTime": 2.4444340000000153,
      "endTime": 4.666656000000003,
      "velocity": 63.0
    },
    {
      "pitch": 67,
      "startTime": 2.4444340000000153,
      "endTime": 4.666656000000003,
      "velocity": 63.0
    }
  ],
  "totalTime": 2.5,
  "tempos": [],
  "timeSignatures": []
}