{
  "notes": [
    {
      "pitch": 42,
      "startTime": 1.6666560000000032,
      "endTime": 4.999989000000014,
      "velocity": 63.0
    },
    {
      "pitch": 78,
      "startTime": 1.6666560000000032,
      "endTime": 4.999989000000014,
      "velocity": 63.0
    }
  ],
  "totalTime": 2.5,
  "tempos": [],
  "timeSignatures": []
}