{
  "notes": [
    {
      "pitch": 69,
      "startTime": 0.11110000000000753,
      "endTime": 1.2222110000000157,
      "velocity": 81.0
    },
    {
      "pitch": 71,
      "startTime": 1.2222110000000157,
      "endTime": 2.3333220000000097,
      "velocity": 81.0
    },
    {
      "pitch": 73,
      "startTime": 2.3333220000000097,
      "endTime": 3.4444330000000036,
      "velocity": 81.0
    }
  ],
  "totalTime": 2.5,
  "tempos": [],
  "timeSignatures": []
}