{
  "notes": [
    {
      "pitch": 61,
      "startTime": 0.44443300000000363,
      "endTime": 2.6666550000000058,
      "velocity": 81.0
    },
    {
      "pitch": 64,
      "startTime": 0.44443300000000363,
      "endTime": 2.6666550000000058,
      "velocity": 81.0
    },
    {
      "pitch": 69,
      "startTime": 0.44443300000000363,
      "endTime": 2.6666550000000058,
      "velocity": 81.0
    }
  ],
  "totalTime": 2.5,
  "tempos": [],
  "timeSignatures": []
}