{
  "notes": [
    {
      "pitch": 38,
      "startTime": 1.6666650000000018,
      "endTime": 4.9999980000000015,
      "velocity": 45.0
    }
  ],
  "totalTime": 2.5,
  "tempos": [],
  "timeSignatures": []
}