{
  "notes": [
    {
      "pitch": 81,
      "startTime": 0.5555540000000008,
      "endTime": 1.6666650000000018,
      "velocity": 45.0
    },
    {
      "pitch": 79,
      "startTime": 1.6666650000000018,
      "endTime": 2.777776000000003,
      "velocity": 45.0
    }
  ],
  "totalTime": 2.5,
  "tempos": [],
  "timeSignatures": []
}