{
  "notes": [
    {
      "pitch": 43,
      "startTime": 1.8333300000000037,
      "endTime": 5.166663,
      "velocity": 45.0
    },
    {
      "pitch": 59,
      "startTime": 2.9444410000000047,
      "endTime": 5.166663,
      "velocity": 45.0
    },
    {
      "pitch": 62,
      "startTime": 2.9444410000000047,
      "endTime": 5.166663,
      "velocity": 45.0
    },
    {
      "pitch": 66,
      "startTime": 2.9444410000000047,
      "endTime": 5.166663,
      "velocity": 45.0
    }
  ],
  "totalTime": 4.0,
  "tempos": [],
  "timeSignatures": []
}