{
  "notes": [
    {
      "pitch": 43,
      "startTime": 1.9999980000000015,
      "endTime": 5.333331000000001,
      "velocity": 45.0
    }
  ],
  "totalTime": 2.5,
  "tempos": [],
  "timeSignatures": []
}