{
  "notes": [
    {
      "pitch": 78,
      "startTime": 5.111107000000004,
      "endTime": 6.222218000000005,
      "velocity": 45.0
    }
  ],
  "totalTime": 5.5,
  "tempos": [],
  "timeSignatures": []
}