{
  "notes": [
    {
      "pitch": 57,
      "startTime": 0.4444420000000022,
      "endTime": 2.666664000000001,
      "velocity": 63.0
    },
    {
      "pitch": 61,
      "startTime": 0.4444420000000022,
      "endTime": 2.666664000000001,
      "velocity": 63.0
    },
    {
      "pitch": 66,
      "startTime": 0.4444420000000022,
      "endTime": 2.666664000000001,
      "velocity": 63.0
    }
  ],
  "totalTime": 2.5,
  "tempos": [],
  "timeSignatures": []
}