{
  "notes": [
    {
      "pitch": 74,
      "startTime": 0.8888840000000044,
      "endTime": 1.9999950000000055,
      "velocity": 0.3543307086614173
    },
    {
      "pitch": 69,
      "startTime": 1.9999950000000055,
      "endTime": 5.333328000000002,
      "velocity": 0.49606299212598426
    },
    {
      "pitch": 73,
      "startTime": 5.333328000000002,
      "endTime": 8.666661000000005,
      "velocity": 0.49606299212598426
    }
  ],
  "totalTime": 8.666661000000005,
  "tempos": [
    {
      "time": 0.0,
      "qpm": 120.0
    }
  ],
  "timeSignatures": [
    {
      "time": 0.0,
      "numerator": 3,
      "denominator": 4
    }
  ]
}